event_id,download_date,user_id,app,category,rating,reviews,app_size,installs,app_type,price,content_rating,genres,last_updated,current_version,android_version,app_id,user_details
0,2021-03-27,58,Photo Editor & Candy Camera & Grid & ScrapBook,ART_AND_DESIGN,4.1,159,19000000.0,10000,Free,0.0,Everyone,Art & Design,2018-01-07,1.0.0,4.0.3 and up,7462,"Michael Thompson, 26, Maine, 231"
1,2021-03-27,138,Coloring book moana,ART_AND_DESIGN,3.9,967,14000000.0,500000,Free,0.0,Everyone,Art & Design;Pretend Play,2018-01-15,2.0.0,4.0.3 and up,3132,"Katie Dunn, 34, Rhode Island, 360"
2,2021-03-27,52,"U Launcher Lite â€“ FREE Live Cool Themes, Hide Apps",ART_AND_DESIGN,4.7,87510,8700000.0,5000000,Free,0.0,Everyone,Art & Design,2018-08-01,1.2.4,4.0.3 and up,9156,"Teresa English, 37, Pennsylvania, 308"
3,2021-03-27,6,Sketch - Draw & Paint,ART_AND_DESIGN,4.5,215644,25000000.0,50000000,Free,0.0,Teen,Art & Design,2018-06-08,Varies with device,4.2 and up,8327,"Melissa Reynolds, 42, Arizona, 110"
4,2021-03-28,64,Pink Silver Bow Keyboard Theme,ART_AND_DESIGN,4.2,1120,9200000.0,100000,Free,0.0,Everyone,Art & Design,2018-07-12,6.7.12.2018,4.0.3 and up,7507,"Joseph Nguyen, 18, Arkansas, 107"
5,2021-03-28,154,Art Drawing Ideas,ART_AND_DESIGN,4.1,227,5200000.0,50000,Free,0.0,Everyone,Art & Design,2018-05-31,1.2,2.3 and up,1321,"Jimmy Cohen, 61, Maryland, 329"
6,2021-03-28,129,Anime Manga Coloring Book,ART_AND_DESIGN,4.5,5035,11000000.0,100000,Free,0.0,Everyone,Art & Design,2018-07-19,2.20,4.0 and up,1249,"Christopher Marshall, 42, Virginia, 191"
7,2021-03-28,1,Easy Origami Ideas,ART_AND_DESIGN,4.2,1015,11000000.0,100000,Free,0.0,Everyone,Art & Design,2018-01-06,1.1.0,4.1 and up,4360,"Marc Walton, 57, Mississippi, 392"
8,2021-03-28,78,I Creative Idea,ART_AND_DESIGN,4.7,353,4200000.0,10000,Free,0.0,Teen,Art & Design,2018-04-27,1.6,4.1 and up,5806,"Stephanie Garza, 54, North Carolina, 341"
9,2021-03-28,27,How to draw Ladybug and Cat Noir,ART_AND_DESIGN,3.8,564,9200000.0,100000,Free,0.0,Everyone,Art & Design,2018-07-11,2.1,4.1 and up,5769,"Tammy Hughes, 38, South Dakota, 105"
10,2021-03-28,106,UNICORN - Color By Number & Pixel Art Coloring,ART_AND_DESIGN,4.7,8145,24000000.0,500000,Free,0.0,Everyone,Art & Design;Creativity,2018-08-02,1.0.9,4.4 and up,9178,"Daniel Wood, 61, Hawaii, 392"
11,2021-03-28,34,PIP Camera - PIP Collage Maker,ART_AND_DESIGN,4.7,158,11000000.0,10000,Free,0.0,Everyone,Art & Design,2017-11-29,1.3,4.0.3 and up,7333,"Maria Bullock, 22, West Virginia, 134"
12,2021-03-28,71,How To Color Disney Princess - Coloring Pages,ART_AND_DESIGN,4.0,591,9400000.0,500000,Free,0.0,Everyone,Art & Design,2018-03-31,1,4.0 and up,5761,"Nicole Macdonald, 35, South Carolina, 170"
13,2021-03-28,34,Drawing Clothes Fashion Ideas,ART_AND_DESIGN,4.2,117,15000000.0,10000,Free,0.0,Everyone,Art & Design,2018-07-20,2.0.1,4.0.3 and up,3955,"Maria Bullock, 22, West Virginia, 173"
14,2021-03-28,142,Textgram - write on photos,ART_AND_DESIGN,4.4,295221,0.0,10000000,Free,0.0,Everyone,Art & Design,2018-07-30,Varies with device,Varies with device,8834,"Jason Brown, 40, Vermont, 341"
15,2021-03-28,150,Easy Realistic Drawing Tutorial,ART_AND_DESIGN,4.1,223,4200000.0,100000,Free,0.0,Everyone,Art & Design,2017-08-22,1.0,2.3 and up,4361,"Jonathan Smith, 59, North Dakota, 132"
16,2021-03-28,147,Paint Splash!,ART_AND_DESIGN,3.8,2206,1200000.0,100000,Free,0.0,Everyone,Art & Design;Creativity,2018-04-15,1.46,4.1 and up,7371,"Juan Guerrero, 33, North Dakota, 151"
17,2021-03-28,122,Popsicle Sticks and Similar DIY Craft Ideas,ART_AND_DESIGN,4.2,26,12000000.0,10000,Free,0.0,Everyone,Art & Design,2018-01-03,1.0.0,4.1 and up,7602,"Veronica Lee, 47, New Hampshire, 259"
18,2021-03-28,175,"Canva: Poster, banner, card maker & graphic design",ART_AND_DESIGN,4.7,174531,24000000.0,10000000,Free,0.0,Everyone,Art & Design,2018-07-31,1.6.1,4.1 and up,2872,"Michael Ward, 44, Kentucky, 180"
19,2021-03-28,58,Install images with music to make video without Net - 2018,ART_AND_DESIGN,4.6,1070,26000000.0,100000,Free,0.0,Everyone,Art & Design,2017-11-14,1.6,4.1 and up,5900,"Michael Thompson, 26, Maine, 342"
20,2021-03-28,27,Little Teddy Bear Colouring Book Game,ART_AND_DESIGN,4.2,85,8000000.0,100000,Free,0.0,Everyone,Art & Design,2017-12-17,2.0.0,4.1 and up,6343,"Tammy Hughes, 38, South Dakota, 232"
21,2021-03-28,139,How To Draw Food,ART_AND_DESIGN,4.3,845,7900000.0,100000,Free,0.0,Everyone,Art & Design,2018-05-28,1.0,2.3 and up,5762,"Norman Fletcher, 32, Oregon, 92"
22,2021-03-28,80,Monster Truck Stunt 3D 2019,AUTO_AND_VEHICLES,4.2,367,25000000.0,100000,Free,0.0,Everyone,Auto & Vehicles,2018-05-10,1.0,4.0.3 and up,6797,"William Dunn Jr., 43, Nevada, 234"
23,2021-03-28,191,Real Tractor Farming,AUTO_AND_VEHICLES,4.0,1598,56000000.0,1000000,Free,0.0,Everyone,Auto & Vehicles,2018-07-26,11.0,4.1 and up,7880,"Stephanie Holt, 30, Alabama, 97"
24,2021-03-28,94,Ultimate F1 Racing Championship,AUTO_AND_VEHICLES,3.8,284,57000000.0,100000,Free,0.0,Everyone,Auto & Vehicles,2018-07-26,3.0,4.1 and up,9214,"Christian Miranda, 46, New Hampshire, 380"
25,2021-03-28,122,Sad Poetry Photo Frames 2018,ART_AND_DESIGN,4.5,176,10000000.0,100000,Free,0.0,Everyone,Art & Design,2018-04-02,1.0,4.0.3 and up,8121,"Veronica Lee, 47, New Hampshire, 165"
26,2021-03-28,106,Pencil Sketch Drawing,ART_AND_DESIGN,3.9,136,4600000.0,10000,Free,0.0,Everyone,Art & Design,2018-07-12,6.0,2.3 and up,7416,"Daniel Wood, 61, Hawaii, 132"
27,2021-03-28,149,Floor Plan Creator,ART_AND_DESIGN,4.1,36639,0.0,5000000,Free,0.0,Everyone,Art & Design,2018-07-14,Varies with device,2.3.3 and up,5032,"Casey George, 39, West Virginia, 197"
28,2021-03-28,31,Colorfit - Drawing & Coloring,ART_AND_DESIGN,4.7,20260,25000000.0,500000,Free,0.0,Everyone,Art & Design;Creativity,2017-10-11,1.0.8,4.0.3 and up,3126,"Michael Hurst, 64, Maine, 364"
29,2021-03-28,6,Animated Photo Editor,ART_AND_DESIGN,4.1,203,6100000.0,100000,Free,0.0,Everyone,Art & Design,2018-03-21,1.03,4.0.3 and up,1245,"Melissa Reynolds, 42, Arizona, 310"
30,2021-03-28,144,Paper flowers instructions,ART_AND_DESIGN,4.4,167,5600000.0,50000,Free,0.0,Everyone,Art & Design,2017-03-26,1.0,2.3 and up,7378,"Albert Rodriguez, 35, Nevada, 396"
31,2021-03-28,184,Smoke Effect Photo Maker - Smoke Editor,ART_AND_DESIGN,3.8,178,19000000.0,50000,Free,0.0,Everyone,Art & Design,2018-04-26,1.1,4.0.3 and up,8380,"Lauren Gomez, 23, Florida, 286"
32,2021-03-28,125,Infinite Painter,ART_AND_DESIGN,4.1,36815,29000000.0,1000000,Free,0.0,Everyone,Art & Design,2018-06-14,6.1.61.1,4.2 and up,5878,"Natasha Mullins, 28, Minnesota, 234"
33,2021-03-28,122,Garden Coloring Book,ART_AND_DESIGN,4.4,13791,33000000.0,1000000,Free,0.0,Everyone,Art & Design,2017-09-20,2.9.2,3.0 and up,5304,"Veronica Lee, 47, New Hampshire, 137"
34,2021-03-28,131,Kids Paint Free - Drawing Fun,ART_AND_DESIGN,4.7,121,3100000.0,10000,Free,0.0,Everyone,Art & Design;Creativity,2018-07-03,2.8,4.0.3 and up,6091,"Thomas Contreras, 24, Kansas, 284"
35,2021-03-28,140,Text on Photo - Fonteee,ART_AND_DESIGN,4.4,13880,28000000.0,1000000,Free,0.0,Everyone,Art & Design,2017-10-27,1.0.4,4.1 and up,8832,"Ronald Johnson, 52, Vermont, 189"
36,2021-03-28,173,Name Art Photo Editor - Focus n Filters,ART_AND_DESIGN,4.4,8788,12000000.0,1000000,Free,0.0,Everyone,Art & Design,2018-07-31,1.0.15,4.0 and up,7023,"Marvin Gregory, 32, Missouri, 133"
37,2021-03-28,54,Tattoo Name On My Photo Editor,ART_AND_DESIGN,4.2,44829,20000000.0,10000000,Free,0.0,Teen,Art & Design,2018-04-02,3.8,4.1 and up,8776,"Zachary Webb, 51, Arizona, 348"
38,2021-03-28,145,Mandala Coloring Book,ART_AND_DESIGN,4.6,4326,21000000.0,100000,Free,0.0,Everyone,Art & Design,2018-06-26,1.0.4,4.4 and up,6525,"Elizabeth Smith, 50, Nebraska, 273"
39,2021-03-28,157,3D Color Pixel by Number - Sandbox Art Coloring,ART_AND_DESIGN,4.4,1518,37000000.0,100000,Free,0.0,Everyone,Art & Design,2018-08-03,1.2.3,2.3 and up,560,"James Thompson, 22, Illinois, 119"
40,2021-03-28,36,Pixel Draw - Number Art Coloring Book,ART_AND_DESIGN,4.3,967,2800000.0,100000,Free,0.0,Everyone,Art & Design;Creativity,2018-06-20,1.1,4.4 and up,7522,"Gregory Carrillo, 40, Michigan, 354"
41,2021-03-28,89,Photo Designer - Write your name with shapes,ART_AND_DESIGN,4.7,3632,5500000.0,500000,Free,0.0,Everyone,Art & Design,2018-07-31,3.1,4.1 and up,7460,"Desiree Smith, 61, North Carolina, 385"
43,2021-03-28,85,HD Mickey Minnie Wallpapers,ART_AND_DESIGN,4.7,118,23000000.0,50000,Free,0.0,Everyone,Art & Design,2018-07-07,1.1.3,4.1 and up,5538,"David Burton, 21, North Dakota, 364"
44,2021-03-28,94,Mcqueen Coloring pages,ART_AND_DESIGN,4.3,61,7000000.0,100000,Free,0.0,Everyone,Art & Design;Action & Adventure,2018-03-07,1.0.0,4.1 and up,6602,"Christian Miranda, 46, New Hampshire, 227"
45,2021-03-28,188,Superheroes Wallpapers | 4K Backgrounds,ART_AND_DESIGN,4.7,7699,4200000.0,500000,Free,0.0,Everyone 10+,Art & Design,2018-07-12,2.2.6.2,4.0.3 and up,8631,"Taylor Higgins, 32, Washington, 353"
46,2021-03-28,58,Boys Photo Editor - Six Pack & Men's Suit,ART_AND_DESIGN,4.1,654,12000000.0,100000,Free,0.0,Everyone,Art & Design,2018-03-20,1.1,4.0.3 and up,2248,"Michael Thompson, 26, Maine, 95"
47,2021-03-28,15,Harley Quinn wallpapers HD,ART_AND_DESIGN,4.8,192,6000000.0,10000,Free,0.0,Everyone,Art & Design,2018-04-25,1.5,3.0 and up,5626,"Rebekah Ellison, 18, Virginia, 378"
48,2021-03-28,86,ibis Paint X,ART_AND_DESIGN,4.6,224399,31000000.0,10000000,Free,0.0,Everyone,Art & Design,2018-07-30,5.5.4,4.1 and up,10004,"Heidi James, 47, North Dakota, 264"
49,2021-03-28,76,FlipaClip - Cartoon animation,ART_AND_DESIGN,4.3,194216,39000000.0,5000000,Free,0.0,Everyone,Art & Design,2018-08-03,2.2.5,4.0.3 and up,5023,"Laurie Stein, 37, Montana, 226"
50,2021-03-28,49,350 Diy Room Decor Ideas,ART_AND_DESIGN,4.5,27,17000000.0,10000,Free,0.0,Everyone,Art & Design,2017-11-07,1.0,2.3 and up,554,"Dr. Victoria Martinez, 30, Texas, 120"
51,2021-03-28,37,Logo Maker - Small Business,ART_AND_DESIGN,4.0,450,14000000.0,100000,Free,0.0,Everyone,Art & Design,2018-04-20,4.0,4.1 and up,6372,"Ryan Jennings, 37, Rhode Island, 268"
52,2021-03-29,105,Best Car Wallpapers,AUTO_AND_VEHICLES,4.5,994,2900000.0,100000,Free,0.0,Everyone,Auto & Vehicles,2018-03-27,1.6,4.1 and up,2046,"Kyle Simpson, 42, Massachusetts, 343"
53,2021-03-29,168,RST - Sale of cars on the PCT,AUTO_AND_VEHICLES,3.2,250,1100000.0,100000,Free,0.0,Everyone,Auto & Vehicles,2018-04-27,1.4,4.0.3 and up,7807,"Kelly Edwards, 43, Delaware, 158"
54,2021-03-29,45,Tickets + PDA 2018 Exam,AUTO_AND_VEHICLES,4.9,197136,38000000.0,1000000,Free,0.0,Everyone,Auto & Vehicles,2018-07-15,8.31,4.1 and up,8969,"Andrew Holt, 26, Florida, 361"
55,2021-03-29,84,Pick Your Part Garage,AUTO_AND_VEHICLES,3.9,142,32000000.0,50000,Free,0.0,Everyone,Auto & Vehicles,2018-07-24,1.1.5.0,6.0 and up,7494,"Jonathan Jones, 56, West Virginia, 158"
56,2021-03-29,94,PakWheels: Buy & Sell Cars,AUTO_AND_VEHICLES,4.4,15168,37000000.0,1000000,Free,0.0,Everyone,Auto & Vehicles,2018-07-27,10.0.2,4.2 and up,7374,"Christian Miranda, 46, New Hampshire, 399"
57,2021-03-29,184,Supervision service,AUTO_AND_VEHICLES,4.0,2155,15000000.0,500000,Free,0.0,Everyone,Auto & Vehicles,2018-07-30,1.10.3,5.0 and up,8636,"Lauren Gomez, 23, Florida, 121"
58,2021-03-29,58,Speed Camera Detector - Traffic & Speed Alert,AUTO_AND_VEHICLES,4.3,138,5400000.0,100000,Free,0.0,Everyone,Auto & Vehicles,2018-07-23,1.0,4.0.3 and up,8466,"Michael Thompson, 26, Maine, 232"
59,2021-03-29,7,Used car search Goo net whole car Go to net,AUTO_AND_VEHICLES,3.7,5414,18000000.0,1000000,Free,0.0,Everyone,Auto & Vehicles,2018-07-23,3.20.1,4.4 and up,9259,"Shannon Frederick, 19, West Virginia, 364"
60,2021-03-29,53,BEST CAR SOUNDS,AUTO_AND_VEHICLES,4.3,348,38000000.0,100000,Free,0.0,Everyone,Auto & Vehicles,2018-07-29,1.0.3,2.3 and up,1517,"Zachary Jensen, 27, Florida, 300"
61,2021-03-29,44,AutoScout24 Switzerland â€“ Find your new car,AUTO_AND_VEHICLES,4.6,13372,0.0,1000000,Free,0.0,Everyone,Auto & Vehicles,2018-08-03,Varies with device,Varies with device,1369,"Wanda Miller, 25, Indiana, 334"
62,2021-03-29,121,"Used car is the first car - used car purchase, used car quotation, dealer information to",AUTO_AND_VEHICLES,4.6,5097,19000000.0,1000000,Free,0.0,Everyone,Auto & Vehicles,2018-07-23,1.5.18,4.0.3 and up,9258,"Paul Huff, 46, Hawaii, 160"
63,2021-03-29,30,SMS Park,AUTO_AND_VEHICLES,4.5,3617,7900000.0,100000,Free,0.0,Everyone,Auto & Vehicles,2018-05-16,2.8.2,4.1 and up,8096,"Erin Mcfarland MD, 30, Vermont, 292"
64,2021-03-29,187,SKencar,AUTO_AND_VEHICLES,3.7,4806,35000000.0,1000000,Free,0.0,Everyone,Auto & Vehicles,2018-07-31,4.0.3,4.0.3 and up,8091,"Tara Reeves, 46, New York, 153"
65,2021-03-29,166,Fuelio: Gas log & costs,AUTO_AND_VEHICLES,4.6,65786,0.0,1000000,Free,0.0,Everyone,Auto & Vehicles,2018-08-02,Varies with device,4.0.3 and up,5196,"Stephanie Lynn, 34, Kentucky, 102"
66,2021-03-29,31,auto fines,AUTO_AND_VEHICLES,4.6,31433,17000000.0,1000000,Free,0.0,Everyone,Auto & Vehicles,2018-08-02,1.40,4.0.3 and up,9835,"Michael Hurst, 64, Maine, 278"
67,2021-03-29,197,All of the parking lot - National Park application (parking lot search / parking sharing / discount payment),AUTO_AND_VEHICLES,4.0,1754,14000000.0,500000,Free,0.0,Everyone,Auto & Vehicles,2018-06-02,2.3.4,4.0 and up,1163,"Randall Mitchell, 46, California, 109"
68,2021-03-29,128,Inquiry Fines and Debits of Vehicles,AUTO_AND_VEHICLES,4.4,2680,2200000.0,500000,Free,0.0,Everyone,Auto & Vehicles,2018-03-20,1.03,4.0.3 and up,5886,"Michael Wiggins, 19, North Dakota, 211"
69,2021-03-29,182,Gas Station,AUTO_AND_VEHICLES,4.0,1288,4500000.0,100000,Free,0.0,Everyone,Auto & Vehicles,2018-04-21,2.17,4.0 and up,5312,"Dustin Ellis, 19, Florida, 361"
70,2021-03-29,68,Hush - Beauty for Everyone,BEAUTY,4.7,18900,17000000.0,500000,Free,0.0,Everyone,Beauty,2018-08-02,6.10.1,5.0 and up,5789,"Sarah Pacheco, 33, Oregon, 108"
71,2021-03-29,75,"ipsy: Makeup, Beauty, and Tips",BEAUTY,4.9,49790,14000000.0,1000000,Free,0.0,Everyone,Beauty,2017-11-09,2.3.0,4.1 and up,10009,"Scott Wood, 28, Connecticut, 237"
72,2021-03-29,169,Police Detector (Speed Camera Radar),AUTO_AND_VEHICLES,4.3,3574,3900000.0,1000000,Free,0.0,Everyone 10+,Auto & Vehicles,2018-07-04,1.6,4.0 and up,7589,"Zoe Parker, 38, Colorado, 364"
73,2021-03-29,116,Zona Azul Digital FÃ¡cil SP CET - OFFICIAL SÃ£o Paulo,AUTO_AND_VEHICLES,4.6,7880,0.0,100000,Free,0.0,Everyone,Auto & Vehicles,2018-05-10,4.6.5,Varies with device,9800,"Mr. Jonathan Allen, 31, Idaho, 396"
74,2021-03-29,167,"Police Lights, Sirens & Follow Me",AUTO_AND_VEHICLES,4.5,737,8900000.0,100000,Free,0.0,Everyone,Auto & Vehicles,2018-06-08,2.3.5.1,4.1 and up,7591,"Charles Doyle, 43, Indiana, 217"
75,2021-03-29,182,CarMax â€“ Cars for Sale: Search Used Car Inventory,AUTO_AND_VEHICLES,4.4,21777,0.0,1000000,Free,0.0,Everyone,Auto & Vehicles,2018-08-04,Varies with device,Varies with device,2891,"Dustin Ellis, 19, Florida, 317"
76,2021-03-29,1,Tickets SDA 2019 + Exam RF,AUTO_AND_VEHICLES,4.8,7021,17000000.0,500000,Free,0.0,Everyone,Auto & Vehicles,2018-07-27,1.79,4.0 and up,8971,"Marc Walton, 57, Mississippi, 310"
77,2021-03-29,111,American Muscle Car Race,AUTO_AND_VEHICLES,3.9,129,35000000.0,100000,Free,0.0,Everyone,Auto & Vehicles,2018-07-26,3.0,4.1 and up,1195,"Kimberly Stout, 50, Alaska, 121"
78,2021-03-29,33,Offroad Oil Tanker Driver Transport Truck 2019,AUTO_AND_VEHICLES,4.3,542,33000000.0,100000,Free,0.0,Everyone,Auto & Vehicles,2018-07-31,4.0,4.1 and up,7219,"Tina Maxwell, 41, New Mexico, 274"
79,2021-03-29,182,Tickets SDA 2018 and Exam from the State Traffic Safety Inspectorate with Drom.ru,AUTO_AND_VEHICLES,4.9,10479,33000000.0,100000,Free,0.0,Everyone,Auto & Vehicles,2018-07-18,1.7.1,4.0 and up,8970,"Dustin Ellis, 19, Florida, 108"
80,2021-03-29,97,Gas Prices (Germany only),AUTO_AND_VEHICLES,4.4,805,5600000.0,50000,Free,0.0,Everyone,Auto & Vehicles,2018-07-29,2.5.1,4.4 and up,5311,"Marc Aguilar, 44, Missouri, 272"
81,2021-03-29,51,Extreme Rally Championship,AUTO_AND_VEHICLES,4.2,129,54000000.0,100000,Free,0.0,Everyone,Auto & Vehicles,2018-07-26,3.0,4.1 and up,4571,"Joseph Pittman, 57, Wyoming, 120"
82,2021-03-29,48,Restart Navigator,AUTO_AND_VEHICLES,4.0,1403,201000.0,100000,Free,0.0,Everyone,Auto & Vehicles,2014-08-26,1.0.1,2.2 and up,7940,"Karen Jennings, 30, Nevada, 247"
83,2021-03-29,146,"REG - Check the regnumber, find information about Swedish vehicles",AUTO_AND_VEHICLES,3.9,3971,3600000.0,100000,Free,0.0,Everyone,Auto & Vehicles,2018-07-30,2.493,4.4 and up,7790,"Anna Johnson, 22, Oregon, 191"
84,2021-03-29,151,CityBus Lviv,AUTO_AND_VEHICLES,4.6,534,5700000.0,10000,Free,0.0,Everyone,Auto & Vehicles,2018-07-08,1.9.1,4.0.3 and up,3052,"Nancy Brown, 58, Mississippi, 293"
85,2021-03-29,114,CDL Practice Test 2018 Edition,AUTO_AND_VEHICLES,4.9,7774,17000000.0,100000,Free,0.0,Everyone,Auto & Vehicles,2018-07-03,1.7,4.2 and up,2455,"Timothy Glenn, 24, Hawaii, 264"
86,2021-03-29,92,"ezETC (ETC balance inquiry, meter trial, real-time traffic)",AUTO_AND_VEHICLES,4.3,38846,8600000.0,1000000,Free,0.0,Everyone,Auto & Vehicles,2018-07-28,2.20 Build 02,4.1 and up,9952,"Amy Simon, 22, Alabama, 91"
87,2021-03-29,137,Free VIN Report for Used Cars,AUTO_AND_VEHICLES,4.6,2431,2400000.0,100000,Free,0.0,Everyone,Auto & Vehicles,2018-06-12,1.37,4.0 and up,5147,"Brandon Chavez, 40, Utah, 268"
88,2021-03-29,106,Used Cars and Trucks for Sale,AUTO_AND_VEHICLES,4.6,17057,0.0,1000000,Free,0.0,Everyone,Auto & Vehicles,2018-07-30,Varies with device,Varies with device,9257,"Daniel Wood, 61, Hawaii, 344"
89,2021-03-29,50,Check Vehicle Tax,AUTO_AND_VEHICLES,3.9,295,2700000.0,10000,Free,0.0,Everyone,Auto & Vehicles,2018-07-30,0.2.1,4.4 and up,2983,"Matthew Russell, 41, Alaska, 352"
90,2021-03-29,180,DMV Permit Practice Test 2018 Edition,AUTO_AND_VEHICLES,4.9,6090,27000000.0,100000,Free,0.0,Everyone,Auto & Vehicles,2018-07-03,1.7,4.2 and up,3466,"Matthew Brooks, 34, Tennessee, 304"
91,2021-03-29,143,PDD-UA,AUTO_AND_VEHICLES,4.8,736,0.0,100000,Free,0.0,Everyone,Auto & Vehicles,2018-07-29,2.9,2.3.3 and up,7320,"Rebecca Miller, 56, Minnesota, 246"
92,2021-03-29,102,"Android Auto - Maps, Media, Messaging & Voice",AUTO_AND_VEHICLES,4.2,271920,16000000.0,10000000,Free,0.0,Teen,Auto & Vehicles,2018-07-11,Varies with device,5.0 and up,1214,"Roy Nash, 39, Delaware, 387"
93,2021-03-29,173,SK Enca Direct Malls - Used Cars Search,AUTO_AND_VEHICLES,3.6,1379,16000000.0,500000,Free,0.0,Everyone,Auto & Vehicles,2018-08-02,2.2.21,4.2 and up,8088,"Marvin Gregory, 32, Missouri, 94"
94,2021-03-29,18,"Fines of the State Traffic Safety Inspectorate are official: inspection, payment of fines",AUTO_AND_VEHICLES,4.8,116986,35000000.0,5000000,Free,0.0,Everyone,Auto & Vehicles,2018-08-02,1.9.7,4.0.3 and up,4959,"Albert Blake, 37, Tennessee, 235"
95,2021-03-29,10,Super Cars Wallpapers And Backgrounds,AUTO_AND_VEHICLES,4.6,197,3400000.0,50000,Free,0.0,Everyone,Auto & Vehicles,2018-06-14,1.3,4.0 and up,8598,"Ronald Gordon, 59, Georgia, 164"
96,2021-03-29,182,REPUVE,AUTO_AND_VEHICLES,3.9,356,0.0,100000,Free,0.0,Everyone,Auto & Vehicles,2018-05-25,Varies with device,Varies with device,7793,"Dustin Ellis, 19, Florida, 131"
97,2021-03-29,199,Ulysse Speedometer,AUTO_AND_VEHICLES,4.3,40211,0.0,5000000,Free,0.0,Everyone,Auto & Vehicles,2018-07-30,Varies with device,Varies with device,9223,"Christopher Williamson, 45, Texas, 381"
98,2021-03-29,129,Used Cars Mexico,AUTO_AND_VEHICLES,4.0,190,2500000.0,50000,Free,0.0,Everyone,Auto & Vehicles,2016-10-14,1.0,2.3 and up,9256,"Christopher Marshall, 42, Virginia, 261"
99,2021-03-29,151,Used cars for sale - Trovit,AUTO_AND_VEHICLES,4.2,52530,7000000.0,5000000,Free,0.0,Everyone,Auto & Vehicles,2018-07-16,4.47.3,4.0.3 and up,9260,"Nancy Brown, 58, Mississippi, 347"
100,2021-03-30,123,Filters for B Live,BEAUTY,4.4,2280,24000000.0,500000,Free,0.0,Everyone,Beauty,2018-05-14,1.1.0,4.0 and up,4943,"Ryan Ford, 41, Missouri, 306"
101,2021-03-30,100,Skin Care and Natural Beauty,BEAUTY,4.3,654,7400000.0,100000,Free,0.0,Teen,Beauty,2018-07-17,1.15,4.1 and up,8332,"Angela Smith, 22, Iowa, 149"
102,2021-03-30,106,Facial Wrinkle Reduction,BEAUTY,4.6,184,21000000.0,10000,Free,0.0,Everyone,Beauty,2018-07-02,1.5,4.1 and up,4838,"Daniel Wood, 61, Hawaii, 266"
103,2021-03-30,83,Makeup Videos,BEAUTY,3.8,9,3400000.0,5000,Free,0.0,Everyone,Beauty,2018-06-07,1.0,4.0 and up,6518,"Anthony Terry, 60, Louisiana, 143"
104,2021-03-30,157,"Secrets of beauty, youth and health",BEAUTY,4.3,77,2900000.0,10000,Free,0.0,Mature 17+,Beauty,2017-08-08,2.0,2.3 and up,8217,"James Thompson, 22, Illinois, 146"
105,2021-03-30,196,Recipes and tips for losing weight,BEAUTY,4.3,35,3100000.0,10000,Free,0.0,Everyone 10+,Beauty,2017-12-11,2.0,3.0 and up,7888,"Ashley Stuart, 63, California, 158"
106,2021-03-30,85,Discover Color,BEAUTY,4.0,364,6400000.0,100000,Free,0.0,Everyone,Beauty,2018-05-24,1.1,4.0.3 and up,3795,"David Burton, 21, North Dakota, 256"
107,2021-03-30,164,Eyeliner step by step 2018,BEAUTY,4.3,18,3200000.0,5000,Free,0.0,Everyone,Beauty,2018-06-01,1.2.13,4.0.3 and up,4581,"Craig Campbell, 53, Rhode Island, 314"
108,2021-03-30,103,Dresses Ideas & Fashions +3000,BEAUTY,4.5,473,8200000.0,100000,Free,0.0,Mature 17+,Beauty,2017-03-01,1.0.2.0,1.6 and up,3965,"Vanessa Stafford, 62, Kentucky, 330"
109,2021-03-30,193,"Lady adviser (beauty, health)",BEAUTY,4.3,30,9900000.0,10000,Free,0.0,Mature 17+,Beauty,2018-01-24,3.0,3.0 and up,6190,"Edward Kelly, 20, Wyoming, 102"
110,2021-03-30,168,Step By Step Hairstyles For Women,BEAUTY,4.1,66,2900000.0,10000,Free,0.0,Everyone,Beauty,2018-04-05,3.1.89,4.0.3 and up,8531,"Kelly Edwards, 43, Delaware, 341"
111,2021-03-30,73,Methods of teeth whitening,BEAUTY,4.7,257,4600000.0,50000,Free,0.0,Everyone,Beauty,2017-08-07,1.0,4.0.3 and up,6671,"Sarah Sloan, 44, Maryland, 345"
112,2021-03-30,170,Girls hairstyles 2018,BEAUTY,4.2,62,3100000.0,10000,Free,0.0,Everyone,Beauty,2018-05-28,1.9.2,4.0.3 and up,5355,"Michael Cabrera, 54, Arizona, 364"
113,2021-03-30,69,Wattpad ðŸ“– Free Books,BOOKS_AND_REFERENCE,4.6,2914724,0.0,100000000,Free,0.0,Teen,Books & Reference,2018-08-01,Varies with device,Varies with device,9475,"Stephanie Gomez, 53, Georgia, 113"
114,2021-03-30,194,Free Panda Radio Music,BOOKS_AND_REFERENCE,4.5,418,4200000.0,100000,Free,0.0,Everyone,Books & Reference,2018-03-27,2.1,4.1 and up,5137,"Tyler Cantrell, 59, South Carolina, 349"
115,2021-03-30,159,Download free book with green book,BOOKS_AND_REFERENCE,4.6,4478,9500000.0,100000,Free,0.0,Everyone 10+,Books & Reference,2017-07-31,1.1,4.0 and up,3871,"Justin Moore, 37, Arkansas, 298"
116,2021-03-30,178,Wikipedia,BOOKS_AND_REFERENCE,4.4,577550,0.0,10000000,Free,0.0,Everyone,Books & Reference,2018-08-02,Varies with device,Varies with device,9596,"Stephen Baker, 62, Vermont, 366"
117,2021-03-30,147,Amazon Kindle,BOOKS_AND_REFERENCE,4.2,814080,0.0,100000000,Free,0.0,Teen,Books & Reference,2018-07-27,Varies with device,Varies with device,1185,"Juan Guerrero, 33, North Dakota, 247"
118,2021-03-30,24,Cool Reader,BOOKS_AND_REFERENCE,4.5,246315,0.0,10000000,Free,0.0,Everyone,Books & Reference,2015-07-17,Varies with device,1.5 and up,3186,"Keith Powell, 28, Michigan, 156"
119,2021-03-30,134,Dictionary - Merriam-Webster,BOOKS_AND_REFERENCE,4.5,454060,0.0,10000000,Free,0.0,Everyone,Books & Reference,2018-05-18,Varies with device,Varies with device,3760,"Destiny Silva, 31, Utah, 178"
120,2021-03-30,14,NOOK: Read eBooks & Magazines,BOOKS_AND_REFERENCE,4.5,155446,0.0,10000000,Free,0.0,Teen,Books & Reference,2018-04-25,Varies with device,Varies with device,7012,"Tanya Williams, 53, Texas, 270"
121,2021-03-30,195,"Sticker Camera - Selfie Filters, Beauty Camera",BEAUTY,3.9,2277,22000000.0,500000,Free,0.0,Everyone,Beauty,2018-07-12,1.1.0,4.0.3 and up,8536,"Steve Rodriguez, 63, Colorado, 316"
122,2021-03-30,171,Rainbow Camera,BEAUTY,3.7,3871,23000000.0,1000000,Free,0.0,Everyone,Beauty,2018-07-30,2.2.0,4.0 and up,7839,"Marc Gibson, 29, Michigan, 242"
123,2021-03-30,113,E-Book Read - Read Book for free,BOOKS_AND_REFERENCE,4.5,1857,4900000.0,50000,Free,0.0,Everyone,Books & Reference,2018-08-03,1.3.2,4.4 and up,4017,"Paige Avila, 51, Nevada, 316"
124,2021-03-30,102,Manicure - nail design,BEAUTY,4.3,119,3700000.0,50000,Free,0.0,Everyone,Beauty,2018-07-23,1.3,4.1 and up,6537,"Roy Nash, 39, Delaware, 244"
125,2021-03-30,70,Haircut Tutorials/Haircut Videos,BEAUTY,4.6,38,7100000.0,10000,Free,0.0,Everyone,Beauty,2018-05-29,1.0,4.0 and up,5604,"Andrew Leonard, 60, Alaska, 287"
126,2021-03-30,167,"Sephora: Skin Care, Beauty Makeup & Fragrance Shop",BEAUTY,4.5,26834,57000000.0,1000000,Free,0.0,Everyone,Beauty,2018-07-24,18.5,5.0 and up,8238,"Charles Doyle, 43, Indiana, 335"
127,2021-03-30,87,Natural recipes for your beauty,BEAUTY,4.7,1150,9800000.0,100000,Free,0.0,Everyone,Beauty,2018-05-15,4.0,4.1 and up,7034,"Crystal Lopez, 34, New Hampshire, 90"
128,2021-03-30,58,"BestCam Selfie-selfie, beauty camera, photo editor",BEAUTY,3.9,1739,21000000.0,500000,Free,0.0,Everyone,Beauty,2018-07-12,1.0.6,4.0.3 and up,2062,"Michael Thompson, 26, Maine, 313"
129,2021-03-30,148,Mirror - Zoom & Exposure -,BEAUTY,3.9,32090,0.0,1000000,Free,0.0,Everyone,Beauty,2016-10-24,Varies with device,Varies with device,6730,"Brian Park, 44, Kentucky, 232"
130,2021-03-30,96,Beauty Selfie Camera,BEAUTY,4.2,2225,52000000.0,500000,Free,0.0,Everyone,Beauty,2018-02-28,1.6,4.1 and up,2014,"Gary Ellis, 57, Wisconsin, 156"
131,2021-03-30,26,Hairstyles step by step,BEAUTY,4.6,4369,14000000.0,100000,Free,0.0,Everyone,Beauty,2018-07-25,1.9,4.0.3 and up,5605,"Jerome Long, 59, New Hampshire, 148"
132,2021-03-30,98,Tie - Always be happy,BEAUTY,4.7,964,9000000.0,50000,Free,0.0,Everyone,Beauty,2018-06-21,4.0,4.2 and up,8972,"Kenneth Williams, 38, New Jersey, 288"
133,2021-03-30,188,Ulta Beauty,BEAUTY,4.7,42050,0.0,1000000,Free,0.0,Everyone,Beauty,2018-06-05,5.4,5.0 and up,9204,"Taylor Higgins, 32, Washington, 309"
134,2021-03-30,18,Prom MakeUp Tutorial,BEAUTY,4.8,104,12000000.0,10000,Free,0.0,Everyone,Beauty,2018-06-26,1.3,4.0.3 and up,7667,"Albert Blake, 37, Tennessee, 90"
135,2021-03-30,191,Selfie Camera,BEAUTY,4.2,17934,0.0,1000000,Free,0.0,Everyone,Beauty,2017-09-12,Varies with device,Varies with device,8228,"Stephanie Holt, 30, Alabama, 109"
136,2021-03-30,181,Filters for Selfie,BEAUTY,4.3,8572,25000000.0,1000000,Free,0.0,Everyone,Beauty,2018-05-10,1.1.0,4.0 and up,4944,"Savannah Bonilla, 40, Maine, 170"
137,2021-03-30,151,Colors of white in Urdu,BEAUTY,4.5,36,6700000.0,10000,Free,0.0,Everyone,Beauty,2018-07-26,6.0,4.0 and up,3133,"Nancy Brown, 58, Mississippi, 162"
138,2021-03-30,6,Sweet Selfie Beauty Camera,BEAUTY,4.3,601,35000000.0,100000,Free,0.0,Everyone,Beauty,2018-06-02,2.0.0,4.0 and up,8659,"Melissa Reynolds, 42, Arizona, 361"
139,2021-03-30,141,Mirror Camera (Mirror + Selfie Camera),BEAUTY,4.1,9315,2600000.0,1000000,Free,0.0,Everyone,Beauty,2017-11-21,1.4.2,4.0 and up,6731,"Deborah Carter, 40, Washington, 151"
140,2021-03-30,97,Girls Hairstyles,BEAUTY,4.1,3595,0.0,500000,Free,0.0,Everyone,Beauty,2018-05-24,Varies with device,4.0 and up,5350,"Marc Aguilar, 44, Missouri, 333"
141,2021-03-30,84,Beauty Camera - Selfie Camera,BEAUTY,4.0,113715,0.0,10000000,Free,0.0,Everyone,Beauty,2017-08-03,Varies with device,Varies with device,2009,"Jonathan Jones, 56, West Virginia, 208"
142,2021-03-30,154,Step By Step Eyes Makeup Tutorial,BEAUTY,4.4,74,2900000.0,10000,Free,0.0,Everyone,Beauty,2018-04-05,2.3.09,4.0.3 and up,8530,"Jimmy Cohen, 61, Maryland, 303"
143,2021-03-30,107,Beauty Tips - Beauty Tips in Sinhala,BEAUTY,4.4,75,4200000.0,50000,Free,0.0,Everyone,Beauty,2017-10-18,1.0.0,4.0.3 and up,2015,"Audrey Barker, 46, Wisconsin, 200"
144,2021-03-30,139,Eyes Makeup Beauty Tips,BEAUTY,4.2,30,2900000.0,10000,Free,0.0,Everyone,Beauty,2018-04-09,3.3.9,4.0.3 and up,4583,"Norman Fletcher, 32, Oregon, 389"
145,2021-03-30,32,Wrinkles and rejuvenation,BEAUTY,4.3,182,5700000.0,100000,Free,0.0,Everyone 10+,Beauty,2017-09-20,8.0,3.0 and up,9649,"Larry Brown, 50, Ohio, 164"
146,2021-03-30,123,Selfie Camera Photo Editor & Filter & Sticker,BEAUTY,4.1,187,30000000.0,50000,Free,0.0,Teen,Beauty,2018-07-24,3.0.1,4.0.3 and up,8230,"Ryan Ford, 41, Missouri, 266"
147,2021-03-30,190,Photo Editor 2018,BEAUTY,4.5,134,17000000.0,10000,Free,0.0,Everyone,Beauty,2018-03-01,1.20,4.0.3 and up,7464,"Stacy Lewis, 52, Florida, 208"
148,2021-03-31,13,All Language Translator Free,BOOKS_AND_REFERENCE,4.4,30105,2100000.0,1000000,Free,0.0,Everyone,Books & Reference,2018-07-29,1.15,4.0.3 and up,1152,"Isabel Bell, 24, North Carolina, 260"
149,2021-03-31,22,English translation from Bengali,BOOKS_AND_REFERENCE,4.5,527,2900000.0,100000,Free,0.0,Everyone,Books & Reference,2018-03-31,14.0,4.0 and up,4487,"Steven Jennings, 32, Arizona, 170"
150,2021-03-31,104,Pdf Book Download - Read Pdf Book,BOOKS_AND_REFERENCE,4.4,1322,3500000.0,100000,Free,0.0,Everyone,Books & Reference,2018-05-28,6.0,4.0.3 and up,7404,"Brittany Miranda, 18, New Jersey, 186"
151,2021-03-31,119,Free Book Reader,BOOKS_AND_REFERENCE,3.4,1680,4000000.0,100000,Free,0.0,Everyone,Books & Reference,2016-08-20,3.05,4.0.3 and up,5115,"Ashley Carter, 24, New York, 106"
152,2021-03-31,94,eBoox new: Reader for fb2 epub zip books,BOOKS_AND_REFERENCE,4.9,2739,21000000.0,50000,Free,0.0,Everyone,Books & Reference,2018-07-17,2.0,3.0 and up,9922,"Christian Miranda, 46, New Hampshire, 234"
153,2021-03-31,148,"Only 30 days in English, the guideline is guaranteed",BOOKS_AND_REFERENCE,4.6,1065,2300000.0,500000,Free,0.0,Everyone,Books & Reference,2018-06-16,1.5,3.0 and up,7255,"Brian Park, 44, Kentucky, 254"
154,2021-03-31,106,Moon+ Reader,BOOKS_AND_REFERENCE,4.4,233757,0.0,10000000,Free,0.0,Everyone,Books & Reference,2018-05-01,Varies with device,Varies with device,6803,"Daniel Wood, 61, Hawaii, 270"
155,2021-03-31,167,SH-02J Owner's Manual (Android 8.0),BOOKS_AND_REFERENCE,4.3,2,7200000.0,50000,Free,0.0,Everyone,Books & Reference,2018-06-15,3.0,6.0 and up,8081,"Charles Doyle, 43, Indiana, 293"
156,2021-03-31,116,Golden Dictionary (EN-AR),BOOKS_AND_REFERENCE,4.4,51269,6100000.0,1000000,Free,0.0,Everyone,Books & Reference,2018-07-19,7.0.4.6,4.2 and up,5391,"Mr. Jonathan Allen, 31, Idaho, 261"
157,2021-03-31,1,Azpen eReader,BOOKS_AND_REFERENCE,3.5,156,42000000.0,500000,Free,0.0,Everyone,Books & Reference,2018-02-15,3.1.7.9,2.2 and up,1420,"Marc Walton, 57, Mississippi, 364"
158,2021-03-31,20,HTC Help,BOOKS_AND_REFERENCE,4.2,8342,0.0,10000000,Free,0.0,Everyone,Books & Reference,2017-08-28,9.00.950462,7.0 and up,5577,"Jason Conrad, 43, Massachusetts, 199"
159,2021-03-31,176,English Dictionary - Offline,BOOKS_AND_REFERENCE,4.4,341157,30000000.0,10000000,Free,0.0,Everyone 10+,Books & Reference,2018-03-20,3.9.1,4.2 and up,4475,"Maria Burton, 18, Maine, 219"
160,2021-03-31,17,Visual Voicemail by MetroPCS,BUSINESS,4.1,16129,0.0,10000000,Free,0.0,Everyone,Business,2018-07-30,Varies with device,Varies with device,9373,"Jessica Wagner, 24, New Jersey, 109"
161,2021-03-31,192,Indeed Job Search,BUSINESS,4.3,674730,0.0,50000000,Free,0.0,Everyone,Business,2018-05-21,Varies with device,Varies with device,5873,"Rachel Williams, 58, Montana, 358"
162,2021-03-31,55,Uber Driver,BUSINESS,4.4,1254730,0.0,10000000,Free,0.0,Everyone,Business,2018-08-03,Varies with device,Varies with device,9200,"Amanda Foster, 36, Kentucky, 148"
163,2021-03-31,88,ADP Mobile Solutions,BUSINESS,4.3,85185,29000000.0,5000000,Free,0.0,Everyone,Business,2018-07-17,3.4.2,5.0 and up,681,"Timothy Harris, 43, Oregon, 225"
164,2021-03-31,156,Snag - Jobs Hiring Now,BUSINESS,4.3,32584,0.0,1000000,Free,0.0,Everyone,Business,2018-05-04,Varies with device,Varies with device,8384,"Rachel Stevens, 48, Virginia, 152"
165,2021-03-31,20,Docs To Goâ„¢ Free Office Suite,BUSINESS,4.1,217730,0.0,50000000,Free,0.0,Everyone,Business,2018-04-02,Varies with device,Varies with device,3821,"Jason Conrad, 43, Massachusetts, 164"
166,2021-03-31,145,Google My Business,BUSINESS,4.4,70991,0.0,5000000,Free,0.0,Everyone,Business,2018-07-24,2.19.0.204537701,4.4 and up,5432,"Elizabeth Smith, 50, Nebraska, 187"
167,2021-03-31,92,OfficeSuite : Free Office + PDF Editor,BUSINESS,4.3,1002861,35000000.0,100000000,Free,0.0,Everyone,Business,2018-08-02,9.7.14188,4.1 and up,7200,"Amy Simon, 22, Alabama, 378"
168,2021-03-31,48,USPS MOBILEÂ®,BUSINESS,3.9,16589,9100000.0,1000000,Free,0.0,Everyone,Business,2018-06-14,4.9.10,4.0.3 and up,9198,"Karen Jennings, 30, Nevada, 111"
169,2021-03-31,30,URBANO V 02 instruction manual,BOOKS_AND_REFERENCE,4.3,114,7300000.0,100000,Free,0.0,Everyone,Books & Reference,2015-08-07,1.1,5.1 and up,9182,"Erin Mcfarland MD, 30, Vermont, 371"
170,2021-03-31,117,Ancestry,BOOKS_AND_REFERENCE,4.3,64513,0.0,5000000,Free,0.0,Everyone,Books & Reference,2018-07-31,Varies with device,Varies with device,1211,"Kristine Bean, 39, Utah, 109"
171,2021-03-31,2,English-Myanmar Dictionary,BOOKS_AND_REFERENCE,4.4,8788,10000000.0,1000000,Free,0.0,Everyone,Books & Reference,2018-07-28,2.5.3,4.0 and up,4490,"Melissa Lawson, 39, Tennessee, 362"
172,2021-03-31,38,Flybook,BOOKS_AND_REFERENCE,3.9,1778,4900000.0,500000,Free,0.0,Mature 17+,Books & Reference,2014-10-16,1.0.3,2.1 and up,5059,"Jessica Powell, 52, Colorado, 92"
173,2021-03-31,91,Book store,BOOKS_AND_REFERENCE,4.4,22486,5400000.0,1000000,Free,0.0,Teen,Books & Reference,2018-06-06,3.2.1,4.0 and up,2229,"Eddie Archer, 26, Maine, 137"
174,2021-03-31,9,FBReader: Favorite Book Reader,BOOKS_AND_REFERENCE,4.5,203130,0.0,10000000,Free,0.0,Everyone,Books & Reference,2018-06-28,Varies with device,Varies with device,4621,"Matthew Knight, 27, South Dakota, 208"
175,2021-03-31,68,English Grammar Complete Handbook,BOOKS_AND_REFERENCE,4.6,1435,2800000.0,500000,Free,0.0,Everyone,Books & Reference,2018-01-21,1.0,4.0 and up,4476,"Sarah Pacheco, 33, Oregon, 379"
176,2021-03-31,119,Free Books - Spirit Fanfiction and Stories,BOOKS_AND_REFERENCE,4.8,116507,5000000.0,1000000,Free,0.0,Teen,Books & Reference,2018-08-01,2.0.075,4.0.3 and up,5116,"Ashley Carter, 24, New York, 130"
177,2021-03-31,184,Google Play Books,BOOKS_AND_REFERENCE,3.9,1433233,0.0,1000000000,Free,0.0,Teen,Books & Reference,2018-08-03,Varies with device,Varies with device,5438,"Lauren Gomez, 23, Florida, 281"
178,2021-03-31,159,AlReader -any text book reader,BOOKS_AND_REFERENCE,4.6,90468,5900000.0,5000000,Free,0.0,Everyone,Books & Reference,2018-05-27,1.911805270,2.3 and up,1118,"Justin Moore, 37, Arkansas, 291"
179,2021-03-31,133,Offline English Dictionary,BOOKS_AND_REFERENCE,4.2,860,13000000.0,100000,Free,0.0,Everyone,Books & Reference,2018-07-17,1.0,4.0.3 and up,7209,"Brenda White, 19, Delaware, 276"
180,2021-03-31,55,Oxford Dictionary of English : Free,BOOKS_AND_REFERENCE,4.1,363934,7100000.0,10000000,Free,0.0,Everyone,Books & Reference,2018-07-11,9.1.363,4.1 and up,7300,"Amanda Foster, 36, Kentucky, 331"
181,2021-03-31,59,Offline: English to Tagalog Dictionary,BOOKS_AND_REFERENCE,4.7,967,6700000.0,500000,Free,0.0,Everyone,Books & Reference,2018-08-04,1.1.6,4.0.3 and up,7212,"Anthony Campbell, 33, Massachusetts, 331"
182,2021-03-31,169,Spanish English Translator,BOOKS_AND_REFERENCE,4.2,87873,0.0,10000000,Free,0.0,Teen,Books & Reference,2018-05-28,Varies with device,Varies with device,8457,"Zoe Parker, 38, Colorado, 234"
183,2021-03-31,8,FamilySearch Tree,BOOKS_AND_REFERENCE,4.3,17506,17000000.0,1000000,Free,0.0,Everyone,Books & Reference,2018-07-20,2.3.18,4.1 and up,4858,"Brittany Edwards, 41, Nevada, 399"
184,2021-03-31,194,All Maths Formulas,BOOKS_AND_REFERENCE,4.4,2709,6800000.0,1000000,Free,0.0,Everyone,Books & Reference,2018-07-11,1.9,4.4 and up,1153,"Tyler Cantrell, 59, South Carolina, 367"
185,2021-03-31,69,Recipes of Prophetic Medicine for free,BOOKS_AND_REFERENCE,4.6,2084,6700000.0,500000,Free,0.0,Everyone,Books & Reference,2018-05-17,15.0,2.3 and up,7890,"Stephanie Gomez, 53, Georgia, 312"
186,2021-03-31,188,Cloud of Books,BOOKS_AND_REFERENCE,3.3,1862,19000000.0,1000000,Free,0.0,Everyone,Books & Reference,2018-04-27,2.2.5,4.1 and up,3086,"Taylor Higgins, 32, Washington, 180"
187,2021-03-31,73,eBoox: book reader fb2 epub zip,BOOKS_AND_REFERENCE,4.7,21336,23000000.0,1000000,Free,0.0,Everyone,Books & Reference,2018-06-20,1.28,3.0 and up,9923,"Sarah Sloan, 44, Maryland, 106"
188,2021-03-31,67,English to Urdu Dictionary,BOOKS_AND_REFERENCE,4.6,4620,19000000.0,500000,Free,0.0,Everyone,Books & Reference,2017-11-23,2.0,4.0.3 and up,4486,"Michael Holmes, 28, Kansas, 304"
189,2021-03-31,116,Read books online,BOOKS_AND_REFERENCE,4.1,91615,23000000.0,5000000,Free,0.0,Mature 17+,Books & Reference,2018-06-29,3.12,4.1 and up,7857,"Mr. Jonathan Allen, 31, Idaho, 181"
190,2021-03-31,101,Litnet - E-books,BOOKS_AND_REFERENCE,4.6,7831,15000000.0,100000,Free,0.0,Teen,Books & Reference,2018-07-04,1.2.3,4.0 and up,6333,"William Hernandez, 62, Louisiana, 301"
191,2021-03-31,51,English Persian Dictionary,BOOKS_AND_REFERENCE,4.5,26875,73000000.0,500000,Free,0.0,Everyone,Books & Reference,2018-08-01,6.0.8,4.0.3 and up,4479,"Joseph Pittman, 57, Wyoming, 255"
192,2021-03-31,162,Anonymous caller detection,BOOKS_AND_REFERENCE,4.3,161,2700000.0,10000,Free,0.0,Everyone,Books & Reference,2018-07-13,1.0,2.3 and up,1257,"Luis Weeks, 51, Wisconsin, 119"
193,2021-03-31,168,NOOK App for NOOK Devices,BOOKS_AND_REFERENCE,4.7,19080,0.0,500000,Free,0.0,Everyone,Books & Reference,2018-04-25,Varies with device,Varies with device,7010,"Kelly Edwards, 43, Delaware, 376"
194,2021-03-31,28,ReadEra â€“ free ebook reader,BOOKS_AND_REFERENCE,4.8,47303,21000000.0,1000000,Free,0.0,Everyone,Books & Reference,2018-06-02,18.05.31+530,4.1 and up,7860,"Thomas Goodman, 39, Utah, 249"
195,2021-03-31,148,Ebook Reader,BOOKS_AND_REFERENCE,4.1,85842,37000000.0,5000000,Free,0.0,Everyone,Books & Reference,2018-06-25,5.0.6,4.0 and up,4381,"Brian Park, 44, Kentucky, 90"
196,2021-04-01,194,Quick PDF Scanner + OCR FREE,BUSINESS,4.2,80805,0.0,5000000,Free,0.0,Everyone,Business,2018-02-26,Varies with device,4.0.3 and up,7744,"Tyler Cantrell, 59, South Carolina, 385"
197,2021-04-01,61,Tiny Scanner - PDF Scanner App,BUSINESS,4.7,286897,39000000.0,10000000,Free,0.0,Everyone,Business,2017-05-30,1.2.6,3.0 and up,8987,"Wendy Williams, 27, South Dakota, 171"
198,2021-04-01,64,sABN,BUSINESS,4.4,2287,1500000.0,1000000,Free,0.0,Everyone,Business,2018-03-26,4.9,2.2 and up,10079,"Joseph Nguyen, 18, Arkansas, 330"
199,2021-04-01,10,ATI Cargoes and Transportation,BUSINESS,4.7,4162,7500000.0,100000,Free,0.0,Everyone,Business,2018-07-24,0.9.4,4.0.3 and up,896,"Ronald Gordon, 59, Georgia, 294"
200,2021-04-01,141,Secure Folder,BUSINESS,3.8,14760,8600000.0,50000000,Free,0.0,Everyone,Business,2018-01-31,1.1.07.6,7.0 and up,8218,"Deborah Carter, 40, Washington, 289"
201,2021-04-01,74,Y! Mobile menu,BUSINESS,4.3,9,1200000.0,100000,Free,0.0,Everyone,Business,2018-04-09,1.0.5,6.0 and up,9686,"Richard Daniels, 29, Washington, 153"
202,2021-04-01,93,SignEasy | Sign and Fill PDF and other Documents,BUSINESS,4.3,8978,0.0,1000000,Free,0.0,Everyone,Business,2018-07-25,Varies with device,Varies with device,8294,"Joshua Wood, 37, Rhode Island, 269"
203,2021-04-01,182,Quick PDF Scanner + OCR FREE,BUSINESS,4.2,80805,0.0,5000000,Free,0.0,Everyone,Business,2018-02-26,Varies with device,4.0.3 and up,7744,"Dustin Ellis, 19, Florida, 181"
204,2021-04-01,15,Genius Scan - PDF Scanner,BUSINESS,4.4,42492,0.0,1000000,Free,0.0,Everyone,Business,2018-07-11,Varies with device,Varies with device,5325,"Rebekah Ellison, 18, Virginia, 277"
205,2021-04-01,123,Fast Scanner : Free PDF Scan,BUSINESS,4.5,103755,14000000.0,10000000,Free,0.0,Everyone,Business,2018-07-11,3.9.2,4.1 and up,4891,"Ryan Ford, 41, Missouri, 282"
206,2021-04-01,193,Zenefits,BUSINESS,4.2,296,14000000.0,50000,Free,0.0,Everyone,Business,2018-06-15,3.2.1,4.1 and up,9776,"Edward Kelly, 20, Wyoming, 99"
207,2021-04-01,160,TurboScan: scan documents and receipts in PDF,BUSINESS,4.7,11442,6800000.0,100000,Paid,4.99,Everyone,Business,2018-03-25,1.5.2,4.0 and up,9134,"Kristie Hodge, 35, Massachusetts, 92"
208,2021-04-01,177,Tiny Scanner Pro: PDF Doc Scan,BUSINESS,4.8,10295,39000000.0,100000,Paid,4.99,Everyone,Business,2017-04-11,3.4.6,3.0 and up,8988,"Chelsea Cunningham, 44, Louisiana, 117"
209,2021-04-01,190,Box,BUSINESS,4.2,159872,0.0,10000000,Free,0.0,Everyone,Business,2018-07-31,Varies with device,Varies with device,2245,"Stacy Lewis, 52, Florida, 355"
210,2021-04-01,132,Myanmar 2D/3D,BUSINESS,4.6,822,3100000.0,100000,Free,0.0,Everyone,Business,2018-06-08,1.5,4.0.3 and up,6964,"Brad Nguyen, 41, Texas, 261"
211,2021-04-01,162,Google Ads,BUSINESS,4.3,29313,20000000.0,5000000,Free,0.0,Everyone,Business,2018-07-30,1.12.0,4.0.3 and up,5414,"Luis Weeks, 51, Wisconsin, 388"
212,2021-04-01,75,Google My Business,BUSINESS,4.4,70991,0.0,5000000,Free,0.0,Everyone,Business,2018-07-24,2.19.0.204537701,4.4 and up,5432,"Scott Wood, 28, Connecticut, 212"
213,2021-04-01,22,Slack,BUSINESS,4.4,51507,0.0,5000000,Free,0.0,Everyone,Business,2018-08-02,Varies with device,Varies with device,8349,"Steven Jennings, 32, Arizona, 128"
214,2021-04-01,33,FreshBooks Classic,BUSINESS,4.1,1802,26000000.0,100000,Free,0.0,Everyone,Business,2018-04-18,1.7.14,4.2 and up,5177,"Tina Maxwell, 41, New Mexico, 351"
215,2021-04-01,93,Insightly CRM,BUSINESS,3.8,1383,51000000.0,100000,Free,0.0,Everyone,Business,2018-07-12,3.24.1,5.0 and up,5890,"Joshua Wood, 37, Rhode Island, 120"
216,2021-04-01,176,QuickBooks Accounting: Invoicing & Expenses,BUSINESS,4.3,23175,41000000.0,1000000,Free,0.0,Everyone,Business,2018-07-13,18.7,4.1 and up,7745,"Maria Burton, 18, Maine, 387"
217,2021-04-01,23,Mobile Doc Scanner (MDScan) Lite,BUSINESS,4.2,46505,19000000.0,1000000,Free,0.0,Everyone,Business,2018-08-02,3.4.49,4.1 and up,6745,"Cynthia Raymond, 42, Michigan, 96"
218,2021-04-01,14,"104 Looking for a job - looking for a job, looking for a job, looking for a part-time job, health checkup, resume, treatment room",BUSINESS,4.4,74359,25000000.0,1000000,Free,0.0,Everyone,Business,2018-07-27,1.12.5,4.0 and up,515,"Tanya Williams, 53, Texas, 227"
219,2021-04-01,173,UPS Mobile,BUSINESS,3.9,23243,0.0,5000000,Free,0.0,Everyone,Business,2018-06-25,Varies with device,Varies with device,9181,"Marvin Gregory, 32, Missouri, 212"
220,2021-04-01,168,MyASUS - Service Center,BUSINESS,4.4,380837,7300000.0,10000000,Free,0.0,Everyone,Business,2018-07-04,3.4.5,4.2 and up,6951,"Kelly Edwards, 43, Delaware, 387"
221,2021-04-01,37,Job Search by ZipRecruiter,BUSINESS,4.8,148945,25000000.0,1000000,Free,0.0,Everyone,Business,2018-07-19,5.2.8,5.0 and up,5988,"Ryan Jennings, 37, Rhode Island, 145"
222,2021-04-01,106,Curriculum vitae App CV Builder Free Resume Maker,BUSINESS,4.5,4458,3900000.0,500000,Free,0.0,Everyone,Business,2018-07-08,3.3,4.1 and up,3266,"Daniel Wood, 61, Hawaii, 271"
223,2021-04-01,88,Google Primer,BUSINESS,4.4,62272,18000000.0,10000000,Free,0.0,Everyone,Business,2018-06-26,3.550.2,4.1 and up,5441,"Timothy Harris, 43, Oregon, 340"
224,2021-04-01,130,Alba Heaven - Alvarez Job Portal Services,BUSINESS,4.0,8941,12000000.0,5000000,Free,0.0,Everyone,Business,2018-07-31,4.6.30,4.0.3 and up,1130,"Michael Castro, 63, Montana, 385"
225,2021-04-01,40,SuperLivePro,BUSINESS,4.3,46353,21000000.0,1000000,Free,0.0,Everyone,Business,2016-04-13,2.8,1.5 and up,8625,"Jamie Williams, 51, Massachusetts, 204"
226,2021-04-01,176,Facebook Pages Manager,BUSINESS,4.0,1279184,0.0,50000000,Free,0.0,Everyone,Business,2018-08-02,Varies with device,Varies with device,4834,"Maria Burton, 18, Maine, 181"
227,2021-04-01,24,OfficeSuite Pro + PDF (Trial),BUSINESS,4.2,88073,0.0,10000000,Free,0.0,Everyone,Business,2018-07-09,Varies with device,Varies with device,7201,"Keith Powell, 28, Michigan, 107"
228,2021-04-01,123,My Space - Employment Center,BUSINESS,4.5,67000,0.0,1000000,Free,0.0,Everyone,Business,2018-07-17,Varies with device,4.3 and up,6928,"Ryan Ford, 41, Missouri, 305"
229,2021-04-01,179,Box,BUSINESS,4.2,159872,0.0,10000000,Free,0.0,Everyone,Business,2018-07-31,Varies with device,Varies with device,2245,"Jeanette Garner, 59, New Hampshire, 202"
230,2021-04-01,136,Polaris Office for LG,BUSINESS,4.2,30847,55000000.0,5000000,Free,0.0,Everyone,Business,2018-02-08,7.3.21,4.1 and up,7586,"Jim Walker, 42, Virginia, 205"
231,2021-04-01,155,Call Blocker,BUSINESS,4.6,188841,3200000.0,5000000,Free,0.0,Everyone,Business,2018-06-21,1.1.13,4.0 and up,2813,"Lori Dougherty, 44, Tennessee, 161"
232,2021-04-01,70,Job Korea - Career Jobs,BUSINESS,4.3,10600,6500000.0,1000000,Free,0.0,Everyone,Business,2018-08-01,2.5.6,4.0 and up,5987,"Andrew Leonard, 60, Alaska, 235"
233,2021-04-01,36,Square Point of Sale - POS,BUSINESS,4.6,95912,0.0,5000000,Free,0.0,Everyone,Business,2018-07-30,Varies with device,Varies with device,8502,"Gregory Carrillo, 40, Michigan, 209"
234,2021-04-01,43,Plugin:AOT v5.0,BUSINESS,3.1,4034,23000.0,100000,Free,0.0,Everyone,Business,2015-09-11,3.0.1.11 (Build 311),2.2 and up,7558,"Joseph Gomez, 48, Massachusetts, 178"
235,2021-04-01,173,Kariyer.net,BUSINESS,3.9,45964,16000000.0,1000000,Free,0.0,Everyone,Business,2018-07-18,5.1.5,4.1 and up,6047,"Marvin Gregory, 32, Missouri, 127"
236,2021-04-01,2,SEEK Job Search,BUSINESS,4.3,14955,0.0,1000000,Free,0.0,Everyone,Business,2018-07-30,Varies with device,Varies with device,8079,"Melissa Lawson, 39, Tennessee, 354"
237,2021-04-01,74,Become a Job - Find a job or advertise,BUSINESS,4.1,6903,14000000.0,1000000,Free,0.0,Everyone,Business,2018-07-10,2.3.6,4.1 and up,2019,"Richard Daniels, 29, Washington, 242"
238,2021-04-01,61,ZOOM Cloud Meetings,BUSINESS,4.4,31614,37000000.0,10000000,Free,0.0,Everyone,Business,2018-07-20,4.1.28165.0716,4.0 and up,9757,"Wendy Williams, 27, South Dakota, 203"
239,2021-04-01,90,Easy Installer - Apps On SD,BUSINESS,4.1,23055,0.0,5000000,Free,0.0,Everyone,Business,2018-06-08,Varies with device,Varies with device,4357,"Anthony Chang, 18, New York, 292"
240,2021-04-01,140,Facebook Ads Manager,BUSINESS,4.1,19023,0.0,1000000,Free,0.0,Everyone,Business,2018-08-01,99.0.0.35.75,4.1 and up,4829,"Ronald Johnson, 52, Vermont, 293"
241,2021-04-01,69,"IndiaMART: Search Products, Buy, Sell & Trade",BUSINESS,4.5,207372,11000000.0,5000000,Free,0.0,Everyone,Business,2018-08-02,12.2.4,4.0 and up,5875,"Stephanie Gomez, 53, Georgia, 173"
242,2021-04-01,155,ViettelPost express delivery,BUSINESS,4.4,1225,25000000.0,100000,Free,0.0,Everyone,Business,2018-08-01,1.0.6.8,4.1 and up,9344,"Lori Dougherty, 44, Tennessee, 225"
243,2021-04-01,84,Jobs in Alabama - Jobs in Alba,BUSINESS,4.1,11622,0.0,5000000,Free,0.0,Everyone,Business,2018-07-26,Varies with device,Varies with device,5990,"Jonathan Jones, 56, West Virginia, 106"
244,2021-04-02,11,Asana: organize team projects,BUSINESS,4.3,20815,10000000.0,1000000,Free,0.0,Everyone,Business,2018-07-26,6.4.4,5.0 and up,1328,"Rodney Williams, 52, Tennessee, 299"
245,2021-04-02,148,Crew - Free Messaging and Scheduling,BUSINESS,4.6,4159,48000000.0,500000,Free,0.0,Everyone,Business,2018-07-20,6.1.2,4.0.3 and up,3240,"Brian Park, 44, Kentucky, 238"
246,2021-04-02,128,"MailChimp - Email, Marketing Automation",BUSINESS,4.1,5448,12000000.0,500000,Free,0.0,Everyone,Business,2018-07-25,4.9.1,5.0 and up,6510,"Michael Wiggins, 19, North Dakota, 275"
247,2021-04-02,111,Xero Accounting Software,BUSINESS,3.5,2111,0.0,100000,Free,0.0,Everyone,Business,2018-07-30,Varies with device,Varies with device,9681,"Kimberly Stout, 50, Alaska, 155"
248,2021-04-02,152,Slack,BUSINESS,4.4,51507,0.0,5000000,Free,0.0,Everyone,Business,2018-08-02,Varies with device,Varies with device,8349,"Robert Todd, 25, Oregon, 135"
249,2021-04-02,46,QuickBooks Accounting: Invoicing & Expenses,BUSINESS,4.3,23175,41000000.0,1000000,Free,0.0,Everyone,Business,2018-07-13,18.7,4.1 and up,7745,"William Walters, 25, Virginia, 195"
250,2021-04-02,189,Insightly CRM,BUSINESS,3.8,1383,51000000.0,100000,Free,0.0,Everyone,Business,2018-07-12,3.24.1,5.0 and up,5890,"Steven Welch, 53, Tennessee, 192"
251,2021-04-02,113,FreshBooks Classic,BUSINESS,4.1,1802,26000000.0,100000,Free,0.0,Everyone,Business,2018-04-18,1.7.14,4.2 and up,5177,"Paige Avila, 51, Nevada, 204"
252,2021-04-02,81,Google Analytics,BUSINESS,4.5,78662,22000000.0,1000000,Free,0.0,Everyone,Business,2018-02-13,3.7.5,4.4 and up,5416,"Robert Mcmillan, 63, Wisconsin, 223"
253,2021-04-02,61,HipChat - Chat Built for Teams,BUSINESS,3.8,5868,20000000.0,500000,Free,0.0,Everyone,Business,2018-07-03,3.19.005,4.1 and up,5692,"Wendy Williams, 27, South Dakota, 203"
254,2021-04-02,77,AdWords Express,BUSINESS,4.1,7149,11000000.0,1000000,Free,0.0,Everyone,Business,2018-07-31,2.6.158,4.0 and up,998,"Kendra Lozano, 61, Alaska, 344"
255,2021-04-02,192,SignEasy | Sign and Fill PDF and other Documents,BUSINESS,4.3,8978,0.0,1000000,Free,0.0,Everyone,Business,2018-07-25,Varies with device,Varies with device,8294,"Rachel Williams, 58, Montana, 372"
256,2021-04-02,3,Invoice & Time Tracking - Zoho,BUSINESS,4.6,5800,8600000.0,100000,Free,0.0,Everyone,Business,2018-08-02,5.20.7,4.1 and up,5918,"Anita Armstrong, 21, Alabama, 252"
257,2021-04-02,111,join.me - Simple Meetings,BUSINESS,4.0,6989,0.0,1000000,Free,0.0,Everyone,Business,2018-07-16,4.3.0.508,4.4 and up,10013,"Kimberly Stout, 50, Alaska, 389"
258,2021-04-02,157,Invoice 2go â€” Professional Invoices and Estimates,BUSINESS,4.2,16422,28000000.0,1000000,Free,0.0,Everyone,Business,2018-08-01,10.46.2,4.1 and up,5919,"James Thompson, 22, Illinois, 296"
259,2021-04-02,181,Quick PDF Scanner + OCR FREE,BUSINESS,4.2,80804,0.0,5000000,Free,0.0,Everyone,Business,2018-02-26,Varies with device,4.0.3 and up,7744,"Savannah Bonilla, 40, Maine, 173"
260,2021-04-02,37,Genius Scan - PDF Scanner,BUSINESS,4.4,42492,0.0,1000000,Free,0.0,Everyone,Business,2018-07-11,Varies with device,Varies with device,5325,"Ryan Jennings, 37, Rhode Island, 361"
261,2021-04-02,133,Tiny Scanner - PDF Scanner App,BUSINESS,4.7,286897,39000000.0,10000000,Free,0.0,Everyone,Business,2017-05-30,1.2.6,3.0 and up,8987,"Brenda White, 19, Delaware, 393"
262,2021-04-02,191,Fast Scanner : Free PDF Scan,BUSINESS,4.5,103755,14000000.0,10000000,Free,0.0,Everyone,Business,2018-07-11,3.9.2,4.1 and up,4891,"Stephanie Holt, 30, Alabama, 369"
263,2021-04-02,193,Mobile Doc Scanner (MDScan) Lite,BUSINESS,4.2,46505,19000000.0,1000000,Free,0.0,Everyone,Business,2018-08-02,3.4.49,4.1 and up,6745,"Edward Kelly, 20, Wyoming, 368"
264,2021-04-02,19,TurboScan: scan documents and receipts in PDF,BUSINESS,4.7,11442,6800000.0,100000,Paid,4.99,Everyone,Business,2018-03-25,1.5.2,4.0 and up,9134,"Marcus Thompson, 28, Virginia, 313"
265,2021-04-02,170,Google My Business,BUSINESS,4.4,70991,0.0,5000000,Free,0.0,Everyone,Business,2018-07-24,2.19.0.204537701,4.4 and up,5432,"Michael Cabrera, 54, Arizona, 265"
266,2021-04-02,98,Accounting App - Zoho Books,BUSINESS,4.5,3079,8500000.0,100000,Free,0.0,Everyone,Business,2018-08-02,5.20.7,4.1 and up,979,"Kenneth Williams, 38, New Jersey, 101"
267,2021-04-02,187,Tiny Scanner Pro: PDF Doc Scan,BUSINESS,4.8,10295,39000000.0,100000,Paid,4.99,Everyone,Business,2017-04-11,3.4.6,3.0 and up,8988,"Tara Reeves, 46, New York, 304"
268,2021-04-02,81,Google Ads,BUSINESS,4.3,29313,20000000.0,5000000,Free,0.0,Everyone,Business,2018-07-30,1.12.0,4.0.3 and up,5414,"Robert Mcmillan, 63, Wisconsin, 138"
269,2021-04-02,179,Box,BUSINESS,4.2,159872,0.0,10000000,Free,0.0,Everyone,Business,2018-07-31,Varies with device,Varies with device,2245,"Jeanette Garner, 59, New Hampshire, 223"
270,2021-04-02,194,HipChat - Chat Built for Teams,BUSINESS,3.8,5868,20000000.0,500000,Free,0.0,Everyone,Business,2018-07-03,3.19.005,4.1 and up,5692,"Tyler Cantrell, 59, South Carolina, 246"
271,2021-04-02,126,Xero Accounting Software,BUSINESS,3.5,2111,0.0,100000,Free,0.0,Everyone,Business,2018-07-30,Varies with device,Varies with device,9681,"Donald Weaver, 53, California, 182"
272,2021-04-02,79,"MailChimp - Email, Marketing Automation",BUSINESS,4.1,5448,12000000.0,500000,Free,0.0,Everyone,Business,2018-07-25,4.9.1,5.0 and up,6510,"Christopher Young, 20, West Virginia, 224"
273,2021-04-02,54,Crew - Free Messaging and Scheduling,BUSINESS,4.6,4159,48000000.0,500000,Free,0.0,Everyone,Business,2018-07-20,6.1.2,4.0.3 and up,3240,"Zachary Webb, 51, Arizona, 259"
274,2021-04-02,45,Asana: organize team projects,BUSINESS,4.3,20815,10000000.0,1000000,Free,0.0,Everyone,Business,2018-07-26,6.4.4,5.0 and up,1328,"Andrew Holt, 26, Florida, 234"
275,2021-04-02,105,Google Analytics,BUSINESS,4.5,78662,22000000.0,1000000,Free,0.0,Everyone,Business,2018-02-13,3.7.5,4.4 and up,5416,"Kyle Simpson, 42, Massachusetts, 162"
276,2021-04-02,160,AdWords Express,BUSINESS,4.1,7149,11000000.0,1000000,Free,0.0,Everyone,Business,2018-07-31,2.6.158,4.0 and up,998,"Kristie Hodge, 35, Massachusetts, 98"
277,2021-04-02,159,Accounting App - Zoho Books,BUSINESS,4.5,3079,8500000.0,100000,Free,0.0,Everyone,Business,2018-08-02,5.20.7,4.1 and up,979,"Justin Moore, 37, Arkansas, 184"
278,2021-04-02,161,Invoice & Time Tracking - Zoho,BUSINESS,4.6,5800,8600000.0,100000,Free,0.0,Everyone,Business,2018-08-02,5.20.7,4.1 and up,5918,"Samantha Baker, 45, Colorado, 186"
279,2021-04-02,28,join.me - Simple Meetings,BUSINESS,4.0,6989,0.0,1000000,Free,0.0,Everyone,Business,2018-07-16,4.3.0.508,4.4 and up,10013,"Thomas Goodman, 39, Utah, 342"
280,2021-04-02,81,Zenefits,BUSINESS,4.2,296,14000000.0,50000,Free,0.0,Everyone,Business,2018-06-15,3.2.1,4.1 and up,9776,"Robert Mcmillan, 63, Wisconsin, 242"
281,2021-04-02,157,Cisco Webex Meetings,BUSINESS,4.4,108741,28000000.0,10000000,Free,0.0,Everyone,Business,2018-07-20,11.1.0,4.3 and up,3041,"James Thompson, 22, Illinois, 377"
282,2021-04-02,175,ZOOM Cloud Meetings,BUSINESS,4.4,31614,37000000.0,10000000,Free,0.0,Everyone,Business,2018-07-20,4.1.28165.0716,4.0 and up,9757,"Michael Ward, 44, Kentucky, 397"
283,2021-04-02,186,ScreenMeet. Easy Phone Meeting,BUSINESS,4.0,624,9000000.0,100000,Free,0.0,Everyone,Business,2018-03-22,1.2.287,5.0 and up,8210,"Heather Bailey, 27, Iowa, 394"
284,2021-04-02,42,Cisco Webex Teams,BUSINESS,4.2,1661,46000000.0,100000,Free,0.0,Everyone,Business,2018-08-02,3.0.4651,4.4 and up,3042,"Dorothy Phillips, 36, California, 355"
285,2021-04-02,143,Microsoft Remote Desktop,BUSINESS,4.2,97702,0.0,5000000,Free,0.0,Everyone,Business,2018-07-11,Varies with device,Varies with device,6693,"Rebecca Miller, 56, Minnesota, 208"
286,2021-04-02,73,Start Meeting,BUSINESS,4.1,308,14000000.0,50000,Free,0.0,Everyone,Business,2018-05-29,3.1.4.0,4.0.3 and up,8521,"Sarah Sloan, 44, Maryland, 270"
287,2021-04-02,123,join.me - Simple Meetings,BUSINESS,4.0,6989,0.0,1000000,Free,0.0,Everyone,Business,2018-07-16,4.3.0.508,4.4 and up,10013,"Ryan Ford, 41, Missouri, 321"
288,2021-04-02,78,ClickMeeting Webinars,BUSINESS,3.8,5211,26000000.0,1000000,Free,0.0,Everyone,Business,2018-07-30,3.3.0,4.0 and up,3079,"Stephanie Garza, 54, North Carolina, 328"
289,2021-04-02,34,BlueJeans for Android,BUSINESS,3.9,1058,23000000.0,500000,Free,0.0,Everyone,Business,2018-06-29,2.22.397,5.0 and up,2200,"Maria Bullock, 22, West Virginia, 237"
290,2021-04-02,88,Skype for Business for Android,BUSINESS,3.9,78172,0.0,10000000,Free,0.0,Everyone,Business,2018-08-02,Varies with device,Varies with device,8346,"Timothy Harris, 43, Oregon, 97"
291,2021-04-02,27,Invoice 2go â€” Professional Invoices and Estimates,BUSINESS,4.2,16422,28000000.0,1000000,Free,0.0,Everyone,Business,2018-08-01,10.46.2,4.1 and up,5919,"Tammy Hughes, 38, South Dakota, 221"
292,2021-04-03,128,Manga AZ - Manga Comic Reader,COMICS,3.3,125,4700000.0,5000,Free,0.0,Teen,Comics,2018-07-24,1.0.4,4.0.3 and up,6527,"Michael Wiggins, 19, North Dakota, 257"
293,2021-04-03,62,- Free Comics - Comic Apps,COMICS,3.5,115,9100000.0,10000,Free,0.0,Mature 17+,Comics,2018-07-13,5.0.12,5.0 and up,502,"Cynthia Fisher, 28, New York, 232"
294,2021-04-03,2,Manga Mania - Best online manga reader,COMICS,4.4,757,10000000.0,10000,Free,0.0,Teen,Comics,2018-05-24,1.0,4.1 and up,6529,"Melissa Lawson, 39, Tennessee, 135"
295,2021-04-03,131,"Tapas â€“ Comics, Novels, and Stories",COMICS,4.5,29839,29000000.0,1000000,Free,0.0,Teen,Comics,2018-07-31,4.1.0,4.4 and up,8767,"Thomas Contreras, 24, Kansas, 320"
296,2021-04-03,102,ã€Ranobbe complete freeã€‘ Novelba - Free app that you can read and write novels,COMICS,4.3,1330,22000000.0,50000,Free,0.0,Everyone,Comics,2018-07-03,6.1.1,4.2 and up,10143,"Roy Nash, 39, Delaware, 218"
297,2021-04-03,187,Narrator's Voice,COMICS,4.5,564387,0.0,5000000,Free,0.0,Everyone,Comics,2018-07-05,Varies with device,Varies with device,7027,"Tara Reeves, 46, New York, 213"
298,2021-04-03,95,Children's cartoons (Mithu-Mina-Raju),COMICS,4.6,279,3300000.0,100000,Free,0.0,Everyone,Comics,2017-12-18,1.6,4.0 and up,3014,"Peter Richmond, 22, Vermont, 173"
299,2021-04-03,155,Buff Thun - Daily Free Webtoon / Comics / Web Fiction / Mini Game,COMICS,4.5,9952,38000000.0,500000,Free,0.0,Everyone 10+,Comics,2018-07-31,4.3.0,4.1 and up,2309,"Lori Dougherty, 44, Tennessee, 216"
300,2021-04-03,105,Faustop Sounds,COMICS,4.7,1677,40000000.0,100000,Free,0.0,Everyone,Comics,2018-05-26,1.7.7,4.1 and up,4903,"Kyle Simpson, 42, Massachusetts, 153"
301,2021-04-03,143,pixiv comic - everyone's manga app,COMICS,4.4,18814,0.0,1000000,Free,0.0,Mature 17+,Comics,2018-07-30,Varies with device,Varies with device,10068,"Rebecca Miller, 56, Minnesota, 116"
302,2021-04-03,49,Memes Button,COMICS,4.4,5968,5700000.0,1000000,Free,0.0,Everyone,Comics,2018-05-28,1.4,4.0 and up,6639,"Dr. Victoria Martinez, 30, Texas, 394"
303,2021-04-03,85,Hojiboy Tojiboyev Life Hacks,COMICS,5.0,15,37000000.0,1000,Free,0.0,Everyone,Comics,2018-06-26,2.0,4.0.3 and up,5701,"David Burton, 21, North Dakota, 365"
304,2021-04-03,14,Perfect Viewer,COMICS,4.4,51981,0.0,5000000,Free,0.0,Everyone,Comics,2018-08-01,4.2.0.2,2.3 and up,7425,"Tanya Williams, 53, Texas, 181"
305,2021-04-03,142,"Best Wallpapers Backgrounds(100,000+ 4K HD)",COMICS,4.7,3596,7800000.0,10000,Free,0.0,Teen,Comics,2018-06-16,1.01,4.0.3 and up,2058,"Jason Brown, 40, Vermont, 250"
306,2021-04-03,25,think Comics,COMICS,4.4,1006,19000000.0,50000,Free,0.0,Everyone,Comics,2018-08-03,2.3.3,4.0.3 and up,10097,"Patricia Williams, 43, Missouri, 131"
307,2021-04-03,97,"Laftel - Watching and Announcing Snooping, Streaming",COMICS,4.6,4895,35000000.0,100000,Free,0.0,Everyone,Comics,2018-08-02,2.4.25,4.4 and up,6191,"Marc Aguilar, 44, Missouri, 179"
308,2021-04-03,124,Messenger â€“ Text and Video Chat for Free,COMMUNICATION,4.0,56642847,0.0,1000000000,Free,0.0,Everyone,Communication,2018-08-01,Varies with device,Varies with device,6665,"Craig Kirk, 28, South Carolina, 132"
309,2021-04-03,42,WhatsApp Messenger,COMMUNICATION,4.4,69119316,0.0,1000000000,Free,0.0,Everyone,Communication,2018-08-03,Varies with device,Varies with device,9541,"Dorothy Phillips, 36, California, 114"
310,2021-04-03,18,Messenger for SMS,COMMUNICATION,4.3,125257,17000000.0,10000000,Free,0.0,Teen,Communication,2018-06-06,1.8.9,4.1 and up,6664,"Albert Blake, 37, Tennessee, 370"
311,2021-04-03,180,Google Chrome: Fast & Secure,COMMUNICATION,4.3,9642995,0.0,1000000000,Free,0.0,Everyone,Communication,2018-08-01,Varies with device,Varies with device,5421,"Matthew Brooks, 34, Tennessee, 251"
312,2021-04-03,184,Marvel Unlimited,COMICS,3.7,22551,11000000.0,1000000,Free,0.0,Teen,Comics,2018-07-24,3.16.0,4.4 and up,6561,"Lauren Gomez, 23, Florida, 156"
313,2021-04-03,31,Funny Jokes and Stories 2018,COMICS,4.2,21,6700000.0,5000,Free,0.0,Everyone,Comics,2018-03-31,1.3,4.0 and up,5207,"Michael Hurst, 64, Maine, 274"
314,2021-04-03,46,Messenger Lite: Free Calls & Messages,COMMUNICATION,4.4,1429035,0.0,100000000,Free,0.0,Everyone,Communication,2018-07-25,37.0.0.7.163,2.3 and up,6661,"William Walters, 25, Virginia, 182"
315,2021-04-03,118,Manga Zero - Japanese cartoon and comic reader,COMICS,4.2,15194,15000000.0,1000000,Free,0.0,Teen,Comics,2018-07-19,4.7.3,4.2 and up,6533,"Mr. Antonio Martin, 62, Tennessee, 111"
316,2021-04-03,95,Emmanuella Funny Videos 2018,COMICS,4.5,314,6100000.0,100000,Free,0.0,Everyone,Comics,2018-05-23,3.1.0,4.1 and up,4454,"Peter Richmond, 22, Vermont, 381"
317,2021-04-03,32,DC Comics,COMICS,4.2,25671,0.0,1000000,Free,0.0,Teen,Comics,2018-06-05,Varies with device,Varies with device,3336,"Larry Brown, 50, Ohio, 144"
318,2021-04-03,199,Docs To Goâ„¢ Free Office Suite,BUSINESS,4.1,217730,0.0,50000000,Free,0.0,Everyone,Business,2018-04-02,Varies with device,Varies with device,3821,"Christopher Williamson, 45, Texas, 122"
319,2021-04-03,163,OfficeSuite : Free Office + PDF Editor,BUSINESS,4.3,1002859,35000000.0,100000000,Free,0.0,Everyone,Business,2018-08-02,9.7.14188,4.1 and up,7200,"Julie Simmons, 37, Kansas, 382"
320,2021-04-03,60,Slack,BUSINESS,4.4,51510,0.0,5000000,Free,0.0,Everyone,Business,2018-08-02,Varies with device,Varies with device,8349,"Steven Berry, 54, Washington, 227"
321,2021-04-03,130,Verify - Receipts & Expenses,BUSINESS,4.5,413,29000000.0,10000,Free,0.0,Everyone,Business,2018-07-25,2.0.19,5.0 and up,9311,"Michael Castro, 63, Montana, 263"
322,2021-04-03,189,QuickBooks Accounting: Invoicing & Expenses,BUSINESS,4.3,23175,41000000.0,1000000,Free,0.0,Everyone,Business,2018-07-13,18.7,4.1 and up,7745,"Steven Welch, 53, Tennessee, 260"
323,2021-04-03,1,Manga Master - Best manga & comic reader,COMICS,4.6,24005,4900000.0,500000,Free,0.0,Adults only 18+,Comics,2018-07-04,1.1.7.0,4.1 and up,6530,"Marc Walton, 57, Mississippi, 385"
324,2021-04-03,159,GANMA! - All original stories free of charge for all original comics,COMICS,4.7,57106,27000000.0,1000000,Free,0.0,Teen,Comics,2018-07-23,2.11.3,4.1 and up,5240,"Justin Moore, 37, Arkansas, 286"
325,2021-04-03,8,RÃ¶hrich Werner Soundboard,COMICS,4.7,2249,32000000.0,500000,Free,0.0,Everyone,Comics,2017-11-16,1.08,4.0.3 and up,8048,"Brittany Edwards, 41, Nevada, 275"
326,2021-04-03,32,Unicorn Pokez - Color By Number,COMICS,4.8,516,12000000.0,50000,Free,0.0,Everyone,Comics;Creativity,2018-08-03,1.0.6,4.4 and up,9231,"Larry Brown, 50, Ohio, 214"
327,2021-04-03,177,MangaToon - Comics updated Daily,COMICS,3.9,834,15000000.0,50000,Free,0.0,Mature 17+,Comics,2018-08-01,1.0.8,4.1 and up,6535,"Chelsea Cunningham, 44, Louisiana, 231"
328,2021-04-03,145,LINE WEBTOON - Free Comics,COMICS,4.5,1013635,0.0,10000000,Free,0.0,Teen,Comics,2018-07-31,Varies with device,Varies with device,6171,"Elizabeth Smith, 50, Nebraska, 100"
329,2021-04-03,80,Manga Rock - Best Manga Reader,COMICS,4.4,238970,28000000.0,1000000,Free,0.0,Teen,Comics,2018-07-09,3.4.3_world,5.0 and up,6532,"William Dunn Jr., 43, Nevada, 332"
330,2021-04-03,22,Manga Net â€“ Best Online Manga Reader,COMICS,4.1,1010,11000000.0,50000,Free,0.0,Mature 17+,Comics,2018-07-07,1.5,4.1 and up,6531,"Steven Jennings, 32, Arizona, 222"
331,2021-04-03,44,Daily Manga - Comic & Webtoon,COMICS,3.2,1446,7100000.0,100000,Free,0.0,Mature 17+,Comics,2018-05-18,1.0,4.0.3 and up,3666,"Wanda Miller, 25, Indiana, 372"
332,2021-04-03,168,comico Popular Original Cartoon Updated Everyday Comico,COMICS,3.2,93965,15000000.0,5000000,Free,0.0,Teen,Comics,2018-07-03,6.3.0,4.0.3 and up,9882,"Kelly Edwards, 43, Delaware, 317"
333,2021-04-03,57,Comic Es - Shojo manga / love comics free of charge â™ª â™ª,COMICS,3.9,2181,10000000.0,100000,Free,0.0,Teen,Comics,2018-03-05,1.2.12,4.0.3 and up,3138,"Carl Strickland, 22, Arizona, 165"
334,2021-04-03,127,Truyá»‡n Vui TÃ½ Quáº­y,COMICS,4.5,144,4700000.0,10000,Free,0.0,Everyone,Comics,2018-07-19,3.0,4.0.3 and up,9119,"Kimberly Tran, 28, Virginia, 109"
335,2021-04-03,129,"æ¼«å’– Comics - Manga,Novel and Stories",COMICS,4.1,12088,21000000.0,1000000,Free,0.0,Mature 17+,Comics,2018-07-06,2.3.1,4.0.3 and up,10151,"Christopher Marshall, 42, Virginia, 92"
336,2021-04-03,148,Dragon Ball Wallpaper - Ringtones,COMICS,4.7,73,8300000.0,10000,Free,0.0,Everyone,Comics,2018-07-23,1.9,4.0.3 and up,3939,"Brian Park, 44, Kentucky, 333"
337,2021-04-03,111,The Vietnam Story - Fun Stories,COMICS,4.5,438,3400000.0,10000,Free,0.0,Everyone,Comics,2017-12-27,1.0,2.3 and up,8905,"Kimberly Stout, 50, Alaska, 303"
338,2021-04-03,196,Manga - read Thai translation,COMICS,4.6,302,2200000.0,10000,Free,0.0,Teen,Comics,2018-07-03,1.0,4.0 and up,6526,"Ashley Stuart, 63, California, 126"
339,2021-04-03,89,Funny Jokes Photos,COMICS,4.4,39,4300000.0,10000,Free,0.0,Everyone 10+,Comics,2018-07-03,1.1,4.2 and up,5206,"Desiree Smith, 61, North Carolina, 313"
